"Title","Description","RDataPath","BiocVersion","Genome","Species","TaxonomyId","SourceType","SourceUrl","SourceVersion","DataProvider","SourceLastModifiedDate","DispatchClass","RDataDateAdded","RDataClass","Maintainer"
"Tabula-Muris-Senis-droplet-Bladder-counts","Droplet-based (10x Genomics) single-cell RNA-seq data from Tabula Muris Senis project 2020","scRNAseq/Tabula-Muris-Senis-droplet/2.0.0","3.12","GRCm38","Mus musculus","10090","HDF5","https://figshare.com/articles/dataset/Tabula_Muris_Senis_Data_Objects/12654728","tabula-muris-senis-droplet-processed-official-annotations-Bladder.h5ad","FigShare",2020-07-15 20:17:00,"Rds",2021-05-19 13:43:13,"dgCMatrix","Aaron Lun <infinite.monkeys.with.keyboards@gmail.com>"
"Tabula-Muris-Senis-droplet-Bladder-coldata","Droplet-based (10x Genomics) single-cell RNA-seq data from Tabula Muris Senis project 2020","scRNAseq/Tabula-Muris-Senis-droplet/2.0.0","3.12","GRCm38","Mus musculus","10090","HDF5","https://figshare.com/articles/dataset/Tabula_Muris_Senis_Data_Objects/12654728","tabula-muris-senis-droplet-processed-official-annotations-Bladder.h5ad","FigShare",2020-07-15 20:17:00,"Rds",2021-05-19 13:43:13,"dgCMatrix","Aaron Lun <infinite.monkeys.with.keyboards@gmail.com>"
"Tabula-Muris-Senis-droplet-Bladder-rowdata","Droplet-based (10x Genomics) single-cell RNA-seq data from Tabula Muris Senis project 2020","scRNAseq/Tabula-Muris-Senis-droplet/2.0.0","3.12","GRCm38","Mus musculus","10090","HDF5","https://figshare.com/articles/dataset/Tabula_Muris_Senis_Data_Objects/12654728","tabula-muris-senis-droplet-processed-official-annotations-Bladder.h5ad","FigShare",2020-07-15 20:17:00,"Rds",2021-05-19 13:43:13,"dgCMatrix","Aaron Lun <infinite.monkeys.with.keyboards@gmail.com>"
"Tabula-Muris-Senis-droplet-Fat-counts","Droplet-based (10x Genomics) single-cell RNA-seq data from Tabula Muris Senis project 2020","scRNAseq/Tabula-Muris-Senis-droplet/2.0.0","3.12","GRCm38","Mus musculus","10090","HDF5","https://figshare.com/articles/dataset/Tabula_Muris_Senis_Data_Objects/12654728","tabula-muris-senis-droplet-processed-official-annotations-Fat.h5ad","FigShare",2020-07-15 20:17:00,"Rds",2021-05-19 13:43:13,"dgCMatrix","Aaron Lun <infinite.monkeys.with.keyboards@gmail.com>"
"Tabula-Muris-Senis-droplet-Fat-coldata","Droplet-based (10x Genomics) single-cell RNA-seq data from Tabula Muris Senis project 2020","scRNAseq/Tabula-Muris-Senis-droplet/2.0.0","3.12","GRCm38","Mus musculus","10090","HDF5","https://figshare.com/articles/dataset/Tabula_Muris_Senis_Data_Objects/12654728","tabula-muris-senis-droplet-processed-official-annotations-Fat.h5ad","FigShare",2020-07-15 20:17:00,"Rds",2021-05-19 13:43:13,"dgCMatrix","Aaron Lun <infinite.monkeys.with.keyboards@gmail.com>"
"Tabula-Muris-Senis-droplet-Fat-rowdata","Droplet-based (10x Genomics) single-cell RNA-seq data from Tabula Muris Senis project 2020","scRNAseq/Tabula-Muris-Senis-droplet/2.0.0","3.12","GRCm38","Mus musculus","10090","HDF5","https://figshare.com/articles/dataset/Tabula_Muris_Senis_Data_Objects/12654728","tabula-muris-senis-droplet-processed-official-annotations-Fat.h5ad","FigShare",2020-07-15 20:17:00,"Rds",2021-05-19 13:43:13,"dgCMatrix","Aaron Lun <infinite.monkeys.with.keyboards@gmail.com>"
"Tabula-Muris-Senis-droplet-Heart_and_Aorta-counts","Droplet-based (10x Genomics) single-cell RNA-seq data from Tabula Muris Senis project 2020","scRNAseq/Tabula-Muris-Senis-droplet/2.0.0","3.12","GRCm38","Mus musculus","10090","HDF5","https://figshare.com/articles/dataset/Tabula_Muris_Senis_Data_Objects/12654728","tabula-muris-senis-droplet-processed-official-annotations-Heart_and_Aorta.h5ad","FigShare",2020-07-15 20:17:00,"Rds",2021-05-19 13:43:13,"dgCMatrix","Aaron Lun <infinite.monkeys.with.keyboards@gmail.com>"
"Tabula-Muris-Senis-droplet-Heart_and_Aorta-coldata","Droplet-based (10x Genomics) single-cell RNA-seq data from Tabula Muris Senis project 2020","scRNAseq/Tabula-Muris-Senis-droplet/2.0.0","3.12","GRCm38","Mus musculus","10090","HDF5","https://figshare.com/articles/dataset/Tabula_Muris_Senis_Data_Objects/12654728","tabula-muris-senis-droplet-processed-official-annotations-Heart_and_Aorta.h5ad","FigShare",2020-07-15 20:17:00,"Rds",2021-05-19 13:43:13,"dgCMatrix","Aaron Lun <infinite.monkeys.with.keyboards@gmail.com>"
"Tabula-Muris-Senis-droplet-Heart_and_Aorta-rowdata","Droplet-based (10x Genomics) single-cell RNA-seq data from Tabula Muris Senis project 2020","scRNAseq/Tabula-Muris-Senis-droplet/2.0.0","3.12","GRCm38","Mus musculus","10090","HDF5","https://figshare.com/articles/dataset/Tabula_Muris_Senis_Data_Objects/12654728","tabula-muris-senis-droplet-processed-official-annotations-Heart_and_Aorta.h5ad","FigShare",2020-07-15 20:17:00,"Rds",2021-05-19 13:43:13,"dgCMatrix","Aaron Lun <infinite.monkeys.with.keyboards@gmail.com>"
"Tabula-Muris-Senis-droplet-Kidney-counts","Droplet-based (10x Genomics) single-cell RNA-seq data from Tabula Muris Senis project 2020","scRNAseq/Tabula-Muris-Senis-droplet/2.0.0","3.12","GRCm38","Mus musculus","10090","HDF5","https://figshare.com/articles/dataset/Tabula_Muris_Senis_Data_Objects/12654728","tabula-muris-senis-droplet-processed-official-annotations-Kidney.h5ad","FigShare",2020-07-15 20:17:00,"Rds",2021-05-19 13:43:13,"dgCMatrix","Aaron Lun <infinite.monkeys.with.keyboards@gmail.com>"
"Tabula-Muris-Senis-droplet-Kidney-coldata","Droplet-based (10x Genomics) single-cell RNA-seq data from Tabula Muris Senis project 2020","scRNAseq/Tabula-Muris-Senis-droplet/2.0.0","3.12","GRCm38","Mus musculus","10090","HDF5","https://figshare.com/articles/dataset/Tabula_Muris_Senis_Data_Objects/12654728","tabula-muris-senis-droplet-processed-official-annotations-Kidney.h5ad","FigShare",2020-07-15 20:17:00,"Rds",2021-05-19 13:43:13,"dgCMatrix","Aaron Lun <infinite.monkeys.with.keyboards@gmail.com>"
"Tabula-Muris-Senis-droplet-Kidney-rowdata","Droplet-based (10x Genomics) single-cell RNA-seq data from Tabula Muris Senis project 2020","scRNAseq/Tabula-Muris-Senis-droplet/2.0.0","3.12","GRCm38","Mus musculus","10090","HDF5","https://figshare.com/articles/dataset/Tabula_Muris_Senis_Data_Objects/12654728","tabula-muris-senis-droplet-processed-official-annotations-Kidney.h5ad","FigShare",2020-07-15 20:17:00,"Rds",2021-05-19 13:43:13,"dgCMatrix","Aaron Lun <infinite.monkeys.with.keyboards@gmail.com>"
"Tabula-Muris-Senis-droplet-Large_Intestine-counts","Droplet-based (10x Genomics) single-cell RNA-seq data from Tabula Muris Senis project 2020","scRNAseq/Tabula-Muris-Senis-droplet/2.0.0","3.12","GRCm38","Mus musculus","10090","HDF5","https://figshare.com/articles/dataset/Tabula_Muris_Senis_Data_Objects/12654728","tabula-muris-senis-droplet-processed-official-annotations-Large_Intestine.h5ad","FigShare",2020-07-15 20:17:00,"Rds",2021-05-19 13:43:13,"dgCMatrix","Aaron Lun <infinite.monkeys.with.keyboards@gmail.com>"
"Tabula-Muris-Senis-droplet-Large_Intestine-coldata","Droplet-based (10x Genomics) single-cell RNA-seq data from Tabula Muris Senis project 2020","scRNAseq/Tabula-Muris-Senis-droplet/2.0.0","3.12","GRCm38","Mus musculus","10090","HDF5","https://figshare.com/articles/dataset/Tabula_Muris_Senis_Data_Objects/12654728","tabula-muris-senis-droplet-processed-official-annotations-Large_Intestine.h5ad","FigShare",2020-07-15 20:17:00,"Rds",2021-05-19 13:43:13,"dgCMatrix","Aaron Lun <infinite.monkeys.with.keyboards@gmail.com>"
"Tabula-Muris-Senis-droplet-Large_Intestine-rowdata","Droplet-based (10x Genomics) single-cell RNA-seq data from Tabula Muris Senis project 2020","scRNAseq/Tabula-Muris-Senis-droplet/2.0.0","3.12","GRCm38","Mus musculus","10090","HDF5","https://figshare.com/articles/dataset/Tabula_Muris_Senis_Data_Objects/12654728","tabula-muris-senis-droplet-processed-official-annotations-Large_Intestine.h5ad","FigShare",2020-07-15 20:17:00,"Rds",2021-05-19 13:43:13,"dgCMatrix","Aaron Lun <infinite.monkeys.with.keyboards@gmail.com>"
"Tabula-Muris-Senis-droplet-Limb_Muscle-counts","Droplet-based (10x Genomics) single-cell RNA-seq data from Tabula Muris Senis project 2020","scRNAseq/Tabula-Muris-Senis-droplet/2.0.0","3.12","GRCm38","Mus musculus","10090","HDF5","https://figshare.com/articles/dataset/Tabula_Muris_Senis_Data_Objects/12654728","tabula-muris-senis-droplet-processed-official-annotations-Limb_Muscle.h5ad","FigShare",2020-07-15 20:17:00,"Rds",2021-05-19 13:43:13,"dgCMatrix","Aaron Lun <infinite.monkeys.with.keyboards@gmail.com>"
"Tabula-Muris-Senis-droplet-Limb_Muscle-coldata","Droplet-based (10x Genomics) single-cell RNA-seq data from Tabula Muris Senis project 2020","scRNAseq/Tabula-Muris-Senis-droplet/2.0.0","3.12","GRCm38","Mus musculus","10090","HDF5","https://figshare.com/articles/dataset/Tabula_Muris_Senis_Data_Objects/12654728","tabula-muris-senis-droplet-processed-official-annotations-Limb_Muscle.h5ad","FigShare",2020-07-15 20:17:00,"Rds",2021-05-19 13:43:13,"dgCMatrix","Aaron Lun <infinite.monkeys.with.keyboards@gmail.com>"
"Tabula-Muris-Senis-droplet-Limb_Muscle-rowdata","Droplet-based (10x Genomics) single-cell RNA-seq data from Tabula Muris Senis project 2020","scRNAseq/Tabula-Muris-Senis-droplet/2.0.0","3.12","GRCm38","Mus musculus","10090","HDF5","https://figshare.com/articles/dataset/Tabula_Muris_Senis_Data_Objects/12654728","tabula-muris-senis-droplet-processed-official-annotations-Limb_Muscle.h5ad","FigShare",2020-07-15 20:17:00,"Rds",2021-05-19 13:43:13,"dgCMatrix","Aaron Lun <infinite.monkeys.with.keyboards@gmail.com>"
"Tabula-Muris-Senis-droplet-Liver-counts","Droplet-based (10x Genomics) single-cell RNA-seq data from Tabula Muris Senis project 2020","scRNAseq/Tabula-Muris-Senis-droplet/2.0.0","3.12","GRCm38","Mus musculus","10090","HDF5","https://figshare.com/articles/dataset/Tabula_Muris_Senis_Data_Objects/12654728","tabula-muris-senis-droplet-processed-official-annotations-Liver.h5ad","FigShare",2020-07-15 20:17:00,"Rds",2021-05-19 13:43:13,"dgCMatrix","Aaron Lun <infinite.monkeys.with.keyboards@gmail.com>"
"Tabula-Muris-Senis-droplet-Liver-coldata","Droplet-based (10x Genomics) single-cell RNA-seq data from Tabula Muris Senis project 2020","scRNAseq/Tabula-Muris-Senis-droplet/2.0.0","3.12","GRCm38","Mus musculus","10090","HDF5","https://figshare.com/articles/dataset/Tabula_Muris_Senis_Data_Objects/12654728","tabula-muris-senis-droplet-processed-official-annotations-Liver.h5ad","FigShare",2020-07-15 20:17:00,"Rds",2021-05-19 13:43:13,"dgCMatrix","Aaron Lun <infinite.monkeys.with.keyboards@gmail.com>"
"Tabula-Muris-Senis-droplet-Liver-rowdata","Droplet-based (10x Genomics) single-cell RNA-seq data from Tabula Muris Senis project 2020","scRNAseq/Tabula-Muris-Senis-droplet/2.0.0","3.12","GRCm38","Mus musculus","10090","HDF5","https://figshare.com/articles/dataset/Tabula_Muris_Senis_Data_Objects/12654728","tabula-muris-senis-droplet-processed-official-annotations-Liver.h5ad","FigShare",2020-07-15 20:17:00,"Rds",2021-05-19 13:43:13,"dgCMatrix","Aaron Lun <infinite.monkeys.with.keyboards@gmail.com>"
"Tabula-Muris-Senis-droplet-Lung-counts","Droplet-based (10x Genomics) single-cell RNA-seq data from Tabula Muris Senis project 2020","scRNAseq/Tabula-Muris-Senis-droplet/2.0.0","3.12","GRCm38","Mus musculus","10090","HDF5","https://figshare.com/articles/dataset/Tabula_Muris_Senis_Data_Objects/12654728","tabula-muris-senis-droplet-processed-official-annotations-Lung.h5ad","FigShare",2020-07-15 20:17:00,"Rds",2021-05-19 13:43:13,"dgCMatrix","Aaron Lun <infinite.monkeys.with.keyboards@gmail.com>"
"Tabula-Muris-Senis-droplet-Lung-coldata","Droplet-based (10x Genomics) single-cell RNA-seq data from Tabula Muris Senis project 2020","scRNAseq/Tabula-Muris-Senis-droplet/2.0.0","3.12","GRCm38","Mus musculus","10090","HDF5","https://figshare.com/articles/dataset/Tabula_Muris_Senis_Data_Objects/12654728","tabula-muris-senis-droplet-processed-official-annotations-Lung.h5ad","FigShare",2020-07-15 20:17:00,"Rds",2021-05-19 13:43:13,"dgCMatrix","Aaron Lun <infinite.monkeys.with.keyboards@gmail.com>"
"Tabula-Muris-Senis-droplet-Lung-rowdata","Droplet-based (10x Genomics) single-cell RNA-seq data from Tabula Muris Senis project 2020","scRNAseq/Tabula-Muris-Senis-droplet/2.0.0","3.12","GRCm38","Mus musculus","10090","HDF5","https://figshare.com/articles/dataset/Tabula_Muris_Senis_Data_Objects/12654728","tabula-muris-senis-droplet-processed-official-annotations-Lung.h5ad","FigShare",2020-07-15 20:17:00,"Rds",2021-05-19 13:43:13,"dgCMatrix","Aaron Lun <infinite.monkeys.with.keyboards@gmail.com>"
"Tabula-Muris-Senis-droplet-Mammary_Gland-counts","Droplet-based (10x Genomics) single-cell RNA-seq data from Tabula Muris Senis project 2020","scRNAseq/Tabula-Muris-Senis-droplet/2.0.0","3.12","GRCm38","Mus musculus","10090","HDF5","https://figshare.com/articles/dataset/Tabula_Muris_Senis_Data_Objects/12654728","tabula-muris-senis-droplet-processed-official-annotations-Mammary_Gland.h5ad","FigShare",2020-07-15 20:17:00,"Rds",2021-05-19 13:43:13,"dgCMatrix","Aaron Lun <infinite.monkeys.with.keyboards@gmail.com>"
"Tabula-Muris-Senis-droplet-Mammary_Gland-coldata","Droplet-based (10x Genomics) single-cell RNA-seq data from Tabula Muris Senis project 2020","scRNAseq/Tabula-Muris-Senis-droplet/2.0.0","3.12","GRCm38","Mus musculus","10090","HDF5","https://figshare.com/articles/dataset/Tabula_Muris_Senis_Data_Objects/12654728","tabula-muris-senis-droplet-processed-official-annotations-Mammary_Gland.h5ad","FigShare",2020-07-15 20:17:00,"Rds",2021-05-19 13:43:13,"dgCMatrix","Aaron Lun <infinite.monkeys.with.keyboards@gmail.com>"
"Tabula-Muris-Senis-droplet-Mammary_Gland-rowdata","Droplet-based (10x Genomics) single-cell RNA-seq data from Tabula Muris Senis project 2020","scRNAseq/Tabula-Muris-Senis-droplet/2.0.0","3.12","GRCm38","Mus musculus","10090","HDF5","https://figshare.com/articles/dataset/Tabula_Muris_Senis_Data_Objects/12654728","tabula-muris-senis-droplet-processed-official-annotations-Mammary_Gland.h5ad","FigShare",2020-07-15 20:17:00,"Rds",2021-05-19 13:43:13,"dgCMatrix","Aaron Lun <infinite.monkeys.with.keyboards@gmail.com>"
"Tabula-Muris-Senis-droplet-Marrow-counts","Droplet-based (10x Genomics) single-cell RNA-seq data from Tabula Muris Senis project 2020","scRNAseq/Tabula-Muris-Senis-droplet/2.0.0","3.12","GRCm38","Mus musculus","10090","HDF5","https://figshare.com/articles/dataset/Tabula_Muris_Senis_Data_Objects/12654728","tabula-muris-senis-droplet-processed-official-annotations-Marrow.h5ad","FigShare",2020-07-15 20:17:00,"Rds",2021-05-19 13:43:13,"dgCMatrix","Aaron Lun <infinite.monkeys.with.keyboards@gmail.com>"
"Tabula-Muris-Senis-droplet-Marrow-coldata","Droplet-based (10x Genomics) single-cell RNA-seq data from Tabula Muris Senis project 2020","scRNAseq/Tabula-Muris-Senis-droplet/2.0.0","3.12","GRCm38","Mus musculus","10090","HDF5","https://figshare.com/articles/dataset/Tabula_Muris_Senis_Data_Objects/12654728","tabula-muris-senis-droplet-processed-official-annotations-Marrow.h5ad","FigShare",2020-07-15 20:17:00,"Rds",2021-05-19 13:43:13,"dgCMatrix","Aaron Lun <infinite.monkeys.with.keyboards@gmail.com>"
"Tabula-Muris-Senis-droplet-Marrow-rowdata","Droplet-based (10x Genomics) single-cell RNA-seq data from Tabula Muris Senis project 2020","scRNAseq/Tabula-Muris-Senis-droplet/2.0.0","3.12","GRCm38","Mus musculus","10090","HDF5","https://figshare.com/articles/dataset/Tabula_Muris_Senis_Data_Objects/12654728","tabula-muris-senis-droplet-processed-official-annotations-Marrow.h5ad","FigShare",2020-07-15 20:17:00,"Rds",2021-05-19 13:43:13,"dgCMatrix","Aaron Lun <infinite.monkeys.with.keyboards@gmail.com>"
"Tabula-Muris-Senis-droplet-Pancreas-counts","Droplet-based (10x Genomics) single-cell RNA-seq data from Tabula Muris Senis project 2020","scRNAseq/Tabula-Muris-Senis-droplet/2.0.0","3.12","GRCm38","Mus musculus","10090","HDF5","https://figshare.com/articles/dataset/Tabula_Muris_Senis_Data_Objects/12654728","tabula-muris-senis-droplet-processed-official-annotations-Pancreas.h5ad","FigShare",2020-07-15 20:17:00,"Rds",2021-05-19 13:43:13,"dgCMatrix","Aaron Lun <infinite.monkeys.with.keyboards@gmail.com>"
"Tabula-Muris-Senis-droplet-Pancreas-coldata","Droplet-based (10x Genomics) single-cell RNA-seq data from Tabula Muris Senis project 2020","scRNAseq/Tabula-Muris-Senis-droplet/2.0.0","3.12","GRCm38","Mus musculus","10090","HDF5","https://figshare.com/articles/dataset/Tabula_Muris_Senis_Data_Objects/12654728","tabula-muris-senis-droplet-processed-official-annotations-Pancreas.h5ad","FigShare",2020-07-15 20:17:00,"Rds",2021-05-19 13:43:13,"dgCMatrix","Aaron Lun <infinite.monkeys.with.keyboards@gmail.com>"
"Tabula-Muris-Senis-droplet-Pancreas-rowdata","Droplet-based (10x Genomics) single-cell RNA-seq data from Tabula Muris Senis project 2020","scRNAseq/Tabula-Muris-Senis-droplet/2.0.0","3.12","GRCm38","Mus musculus","10090","HDF5","https://figshare.com/articles/dataset/Tabula_Muris_Senis_Data_Objects/12654728","tabula-muris-senis-droplet-processed-official-annotations-Pancreas.h5ad","FigShare",2020-07-15 20:17:00,"Rds",2021-05-19 13:43:13,"dgCMatrix","Aaron Lun <infinite.monkeys.with.keyboards@gmail.com>"
"Tabula-Muris-Senis-droplet-Skin-counts","Droplet-based (10x Genomics) single-cell RNA-seq data from Tabula Muris Senis project 2020","scRNAseq/Tabula-Muris-Senis-droplet/2.0.0","3.12","GRCm38","Mus musculus","10090","HDF5","https://figshare.com/articles/dataset/Tabula_Muris_Senis_Data_Objects/12654728","tabula-muris-senis-droplet-processed-official-annotations-Skin.h5ad","FigShare",2020-07-15 20:17:00,"Rds",2021-05-19 13:43:13,"dgCMatrix","Aaron Lun <infinite.monkeys.with.keyboards@gmail.com>"
"Tabula-Muris-Senis-droplet-Skin-coldata","Droplet-based (10x Genomics) single-cell RNA-seq data from Tabula Muris Senis project 2020","scRNAseq/Tabula-Muris-Senis-droplet/2.0.0","3.12","GRCm38","Mus musculus","10090","HDF5","https://figshare.com/articles/dataset/Tabula_Muris_Senis_Data_Objects/12654728","tabula-muris-senis-droplet-processed-official-annotations-Skin.h5ad","FigShare",2020-07-15 20:17:00,"Rds",2021-05-19 13:43:13,"dgCMatrix","Aaron Lun <infinite.monkeys.with.keyboards@gmail.com>"
"Tabula-Muris-Senis-droplet-Skin-rowdata","Droplet-based (10x Genomics) single-cell RNA-seq data from Tabula Muris Senis project 2020","scRNAseq/Tabula-Muris-Senis-droplet/2.0.0","3.12","GRCm38","Mus musculus","10090","HDF5","https://figshare.com/articles/dataset/Tabula_Muris_Senis_Data_Objects/12654728","tabula-muris-senis-droplet-processed-official-annotations-Skin.h5ad","FigShare",2020-07-15 20:17:00,"Rds",2021-05-19 13:43:13,"dgCMatrix","Aaron Lun <infinite.monkeys.with.keyboards@gmail.com>"
"Tabula-Muris-Senis-droplet-Spleen-counts","Droplet-based (10x Genomics) single-cell RNA-seq data from Tabula Muris Senis project 2020","scRNAseq/Tabula-Muris-Senis-droplet/2.0.0","3.12","GRCm38","Mus musculus","10090","HDF5","https://figshare.com/articles/dataset/Tabula_Muris_Senis_Data_Objects/12654728","tabula-muris-senis-droplet-processed-official-annotations-Spleen.h5ad","FigShare",2020-07-15 20:17:00,"Rds",2021-05-19 13:43:13,"dgCMatrix","Aaron Lun <infinite.monkeys.with.keyboards@gmail.com>"
"Tabula-Muris-Senis-droplet-Spleen-coldata","Droplet-based (10x Genomics) single-cell RNA-seq data from Tabula Muris Senis project 2020","scRNAseq/Tabula-Muris-Senis-droplet/2.0.0","3.12","GRCm38","Mus musculus","10090","HDF5","https://figshare.com/articles/dataset/Tabula_Muris_Senis_Data_Objects/12654728","tabula-muris-senis-droplet-processed-official-annotations-Spleen.h5ad","FigShare",2020-07-15 20:17:00,"Rds",2021-05-19 13:43:13,"dgCMatrix","Aaron Lun <infinite.monkeys.with.keyboards@gmail.com>"
"Tabula-Muris-Senis-droplet-Spleen-rowdata","Droplet-based (10x Genomics) single-cell RNA-seq data from Tabula Muris Senis project 2020","scRNAseq/Tabula-Muris-Senis-droplet/2.0.0","3.12","GRCm38","Mus musculus","10090","HDF5","https://figshare.com/articles/dataset/Tabula_Muris_Senis_Data_Objects/12654728","tabula-muris-senis-droplet-processed-official-annotations-Spleen.h5ad","FigShare",2020-07-15 20:17:00,"Rds",2021-05-19 13:43:13,"dgCMatrix","Aaron Lun <infinite.monkeys.with.keyboards@gmail.com>"
"Tabula-Muris-Senis-droplet-Thymus-counts","Droplet-based (10x Genomics) single-cell RNA-seq data from Tabula Muris Senis project 2020","scRNAseq/Tabula-Muris-Senis-droplet/2.0.0","3.12","GRCm38","Mus musculus","10090","HDF5","https://figshare.com/articles/dataset/Tabula_Muris_Senis_Data_Objects/12654728","tabula-muris-senis-droplet-processed-official-annotations-Thymus.h5ad","FigShare",2020-07-15 20:17:00,"Rds",2021-05-19 13:43:13,"dgCMatrix","Aaron Lun <infinite.monkeys.with.keyboards@gmail.com>"
"Tabula-Muris-Senis-droplet-Thymus-coldata","Droplet-based (10x Genomics) single-cell RNA-seq data from Tabula Muris Senis project 2020","scRNAseq/Tabula-Muris-Senis-droplet/2.0.0","3.12","GRCm38","Mus musculus","10090","HDF5","https://figshare.com/articles/dataset/Tabula_Muris_Senis_Data_Objects/12654728","tabula-muris-senis-droplet-processed-official-annotations-Thymus.h5ad","FigShare",2020-07-15 20:17:00,"Rds",2021-05-19 13:43:13,"dgCMatrix","Aaron Lun <infinite.monkeys.with.keyboards@gmail.com>"
"Tabula-Muris-Senis-droplet-Thymus-rowdata","Droplet-based (10x Genomics) single-cell RNA-seq data from Tabula Muris Senis project 2020","scRNAseq/Tabula-Muris-Senis-droplet/2.0.0","3.12","GRCm38","Mus musculus","10090","HDF5","https://figshare.com/articles/dataset/Tabula_Muris_Senis_Data_Objects/12654728","tabula-muris-senis-droplet-processed-official-annotations-Thymus.h5ad","FigShare",2020-07-15 20:17:00,"Rds",2021-05-19 13:43:13,"dgCMatrix","Aaron Lun <infinite.monkeys.with.keyboards@gmail.com>"
"Tabula-Muris-Senis-droplet-Tongue-counts","Droplet-based (10x Genomics) single-cell RNA-seq data from Tabula Muris Senis project 2020","scRNAseq/Tabula-Muris-Senis-droplet/2.0.0","3.12","GRCm38","Mus musculus","10090","HDF5","https://figshare.com/articles/dataset/Tabula_Muris_Senis_Data_Objects/12654728","tabula-muris-senis-droplet-processed-official-annotations-Tongue.h5ad","FigShare",2020-07-15 20:17:00,"Rds",2021-05-19 13:43:13,"dgCMatrix","Aaron Lun <infinite.monkeys.with.keyboards@gmail.com>"
"Tabula-Muris-Senis-droplet-Tongue-coldata","Droplet-based (10x Genomics) single-cell RNA-seq data from Tabula Muris Senis project 2020","scRNAseq/Tabula-Muris-Senis-droplet/2.0.0","3.12","GRCm38","Mus musculus","10090","HDF5","https://figshare.com/articles/dataset/Tabula_Muris_Senis_Data_Objects/12654728","tabula-muris-senis-droplet-processed-official-annotations-Tongue.h5ad","FigShare",2020-07-15 20:17:00,"Rds",2021-05-19 13:43:13,"dgCMatrix","Aaron Lun <infinite.monkeys.with.keyboards@gmail.com>"
"Tabula-Muris-Senis-droplet-Tongue-rowdata","Droplet-based (10x Genomics) single-cell RNA-seq data from Tabula Muris Senis project 2020","scRNAseq/Tabula-Muris-Senis-droplet/2.0.0","3.12","GRCm38","Mus musculus","10090","HDF5","https://figshare.com/articles/dataset/Tabula_Muris_Senis_Data_Objects/12654728","tabula-muris-senis-droplet-processed-official-annotations-Tongue.h5ad","FigShare",2020-07-15 20:17:00,"Rds",2021-05-19 13:43:13,"dgCMatrix","Aaron Lun <infinite.monkeys.with.keyboards@gmail.com>"
"Tabula-Muris-Senis-droplet-Trachea-counts","Droplet-based (10x Genomics) single-cell RNA-seq data from Tabula Muris Senis project 2020","scRNAseq/Tabula-Muris-Senis-droplet/2.0.0","3.12","GRCm38","Mus musculus","10090","HDF5","https://figshare.com/articles/dataset/Tabula_Muris_Senis_Data_Objects/12654728","tabula-muris-senis-droplet-processed-official-annotations-Trachea.h5ad","FigShare",2020-07-15 20:17:00,"Rds",2021-05-19 13:43:13,"dgCMatrix","Aaron Lun <infinite.monkeys.with.keyboards@gmail.com>"
"Tabula-Muris-Senis-droplet-Trachea-coldata","Droplet-based (10x Genomics) single-cell RNA-seq data from Tabula Muris Senis project 2020","scRNAseq/Tabula-Muris-Senis-droplet/2.0.0","3.12","GRCm38","Mus musculus","10090","HDF5","https://figshare.com/articles/dataset/Tabula_Muris_Senis_Data_Objects/12654728","tabula-muris-senis-droplet-processed-official-annotations-Trachea.h5ad","FigShare",2020-07-15 20:17:00,"Rds",2021-05-19 13:43:13,"dgCMatrix","Aaron Lun <infinite.monkeys.with.keyboards@gmail.com>"
"Tabula-Muris-Senis-droplet-Trachea-rowdata","Droplet-based (10x Genomics) single-cell RNA-seq data from Tabula Muris Senis project 2020","scRNAseq/Tabula-Muris-Senis-droplet/2.0.0","3.12","GRCm38","Mus musculus","10090","HDF5","https://figshare.com/articles/dataset/Tabula_Muris_Senis_Data_Objects/12654728","tabula-muris-senis-droplet-processed-official-annotations-Trachea.h5ad","FigShare",2020-07-15 20:17:00,"Rds",2021-05-19 13:43:13,"dgCMatrix","Aaron Lun <infinite.monkeys.with.keyboards@gmail.com>"
"Tabula-Muris-Senis-facs-Aorta-counts","FACS sorting - Smart-seq2 technology single-cell RNA-seq data from Tabula Muris Senis project 2020","scRNAseq/Tabula-Muris-Senis-facs/2.0.0","3.12","GRCm38","Mus musculus","10090","HDF5","https://figshare.com/articles/dataset/Tabula_Muris_Senis_Data_Objects/12654728","tabula-muris-senis-facs-processed-official-annotations-Aorta.h5ad","FigShare",2020-07-15 20:17:00,"Rds",2021-05-19 13:43:13,"dgCMatrix","Aaron Lun <infinite.monkeys.with.keyboards@gmail.com>"
"Tabula-Muris-Senis-facs-Aorta-coldata","FACS sorting - Smart-seq2 technology single-cell RNA-seq data from Tabula Muris Senis project 2020","scRNAseq/Tabula-Muris-Senis-facs/2.0.0","3.12","GRCm38","Mus musculus","10090","HDF5","https://figshare.com/articles/dataset/Tabula_Muris_Senis_Data_Objects/12654728","tabula-muris-senis-facs-processed-official-annotations-Aorta.h5ad","FigShare",2020-07-15 20:17:00,"Rds",2021-05-19 13:43:13,"dgCMatrix","Aaron Lun <infinite.monkeys.with.keyboards@gmail.com>"
"Tabula-Muris-Senis-facs-Aorta-rowdata","FACS sorting - Smart-seq2 technology single-cell RNA-seq data from Tabula Muris Senis project 2020","scRNAseq/Tabula-Muris-Senis-facs/2.0.0","3.12","GRCm38","Mus musculus","10090","HDF5","https://figshare.com/articles/dataset/Tabula_Muris_Senis_Data_Objects/12654728","tabula-muris-senis-facs-processed-official-annotations-Aorta.h5ad","FigShare",2020-07-15 20:17:00,"Rds",2021-05-19 13:43:13,"dgCMatrix","Aaron Lun <infinite.monkeys.with.keyboards@gmail.com>"
"Tabula-Muris-Senis-facs-BAT-counts","FACS sorting - Smart-seq2 technology single-cell RNA-seq data from Tabula Muris Senis project 2020","scRNAseq/Tabula-Muris-Senis-facs/2.0.0","3.12","GRCm38","Mus musculus","10090","HDF5","https://figshare.com/articles/dataset/Tabula_Muris_Senis_Data_Objects/12654728","tabula-muris-senis-facs-processed-official-annotations-BAT.h5ad","FigShare",2020-07-15 20:17:00,"Rds",2021-05-19 13:43:13,"dgCMatrix","Aaron Lun <infinite.monkeys.with.keyboards@gmail.com>"
"Tabula-Muris-Senis-facs-BAT-coldata","FACS sorting - Smart-seq2 technology single-cell RNA-seq data from Tabula Muris Senis project 2020","scRNAseq/Tabula-Muris-Senis-facs/2.0.0","3.12","GRCm38","Mus musculus","10090","HDF5","https://figshare.com/articles/dataset/Tabula_Muris_Senis_Data_Objects/12654728","tabula-muris-senis-facs-processed-official-annotations-BAT.h5ad","FigShare",2020-07-15 20:17:00,"Rds",2021-05-19 13:43:13,"dgCMatrix","Aaron Lun <infinite.monkeys.with.keyboards@gmail.com>"
"Tabula-Muris-Senis-facs-BAT-rowdata","FACS sorting - Smart-seq2 technology single-cell RNA-seq data from Tabula Muris Senis project 2020","scRNAseq/Tabula-Muris-Senis-facs/2.0.0","3.12","GRCm38","Mus musculus","10090","HDF5","https://figshare.com/articles/dataset/Tabula_Muris_Senis_Data_Objects/12654728","tabula-muris-senis-facs-processed-official-annotations-BAT.h5ad","FigShare",2020-07-15 20:17:00,"Rds",2021-05-19 13:43:13,"dgCMatrix","Aaron Lun <infinite.monkeys.with.keyboards@gmail.com>"
"Tabula-Muris-Senis-facs-Bladder-counts","FACS sorting - Smart-seq2 technology single-cell RNA-seq data from Tabula Muris Senis project 2020","scRNAseq/Tabula-Muris-Senis-facs/2.0.0","3.12","GRCm38","Mus musculus","10090","HDF5","https://figshare.com/articles/dataset/Tabula_Muris_Senis_Data_Objects/12654728","tabula-muris-senis-facs-processed-official-annotations-Bladder.h5ad","FigShare",2020-07-15 20:17:00,"Rds",2021-05-19 13:43:13,"dgCMatrix","Aaron Lun <infinite.monkeys.with.keyboards@gmail.com>"
"Tabula-Muris-Senis-facs-Bladder-coldata","FACS sorting - Smart-seq2 technology single-cell RNA-seq data from Tabula Muris Senis project 2020","scRNAseq/Tabula-Muris-Senis-facs/2.0.0","3.12","GRCm38","Mus musculus","10090","HDF5","https://figshare.com/articles/dataset/Tabula_Muris_Senis_Data_Objects/12654728","tabula-muris-senis-facs-processed-official-annotations-Bladder.h5ad","FigShare",2020-07-15 20:17:00,"Rds",2021-05-19 13:43:13,"dgCMatrix","Aaron Lun <infinite.monkeys.with.keyboards@gmail.com>"
"Tabula-Muris-Senis-facs-Bladder-rowdata","FACS sorting - Smart-seq2 technology single-cell RNA-seq data from Tabula Muris Senis project 2020","scRNAseq/Tabula-Muris-Senis-facs/2.0.0","3.12","GRCm38","Mus musculus","10090","HDF5","https://figshare.com/articles/dataset/Tabula_Muris_Senis_Data_Objects/12654728","tabula-muris-senis-facs-processed-official-annotations-Bladder.h5ad","FigShare",2020-07-15 20:17:00,"Rds",2021-05-19 13:43:13,"dgCMatrix","Aaron Lun <infinite.monkeys.with.keyboards@gmail.com>"
"Tabula-Muris-Senis-facs-Brain_Myeloid-counts","FACS sorting - Smart-seq2 technology single-cell RNA-seq data from Tabula Muris Senis project 2020","scRNAseq/Tabula-Muris-Senis-facs/2.0.0","3.12","GRCm38","Mus musculus","10090","HDF5","https://figshare.com/articles/dataset/Tabula_Muris_Senis_Data_Objects/12654728","tabula-muris-senis-facs-processed-official-annotations-Brain_Myeloid.h5ad","FigShare",2020-07-15 20:17:00,"Rds",2021-05-19 13:43:13,"dgCMatrix","Aaron Lun <infinite.monkeys.with.keyboards@gmail.com>"
"Tabula-Muris-Senis-facs-Brain_Myeloid-coldata","FACS sorting - Smart-seq2 technology single-cell RNA-seq data from Tabula Muris Senis project 2020","scRNAseq/Tabula-Muris-Senis-facs/2.0.0","3.12","GRCm38","Mus musculus","10090","HDF5","https://figshare.com/articles/dataset/Tabula_Muris_Senis_Data_Objects/12654728","tabula-muris-senis-facs-processed-official-annotations-Brain_Myeloid.h5ad","FigShare",2020-07-15 20:17:00,"Rds",2021-05-19 13:43:13,"dgCMatrix","Aaron Lun <infinite.monkeys.with.keyboards@gmail.com>"
"Tabula-Muris-Senis-facs-Brain_Myeloid-rowdata","FACS sorting - Smart-seq2 technology single-cell RNA-seq data from Tabula Muris Senis project 2020","scRNAseq/Tabula-Muris-Senis-facs/2.0.0","3.12","GRCm38","Mus musculus","10090","HDF5","https://figshare.com/articles/dataset/Tabula_Muris_Senis_Data_Objects/12654728","tabula-muris-senis-facs-processed-official-annotations-Brain_Myeloid.h5ad","FigShare",2020-07-15 20:17:00,"Rds",2021-05-19 13:43:13,"dgCMatrix","Aaron Lun <infinite.monkeys.with.keyboards@gmail.com>"
"Tabula-Muris-Senis-facs-Brain_Non-Myeloid-counts","FACS sorting - Smart-seq2 technology single-cell RNA-seq data from Tabula Muris Senis project 2020","scRNAseq/Tabula-Muris-Senis-facs/2.0.0","3.12","GRCm38","Mus musculus","10090","HDF5","https://figshare.com/articles/dataset/Tabula_Muris_Senis_Data_Objects/12654728","tabula-muris-senis-facs-processed-official-annotations-Brain_Non-Myeloid.h5ad","FigShare",2020-07-15 20:17:00,"Rds",2021-05-19 13:43:13,"dgCMatrix","Aaron Lun <infinite.monkeys.with.keyboards@gmail.com>"
"Tabula-Muris-Senis-facs-Brain_Non-Myeloid-coldata","FACS sorting - Smart-seq2 technology single-cell RNA-seq data from Tabula Muris Senis project 2020","scRNAseq/Tabula-Muris-Senis-facs/2.0.0","3.12","GRCm38","Mus musculus","10090","HDF5","https://figshare.com/articles/dataset/Tabula_Muris_Senis_Data_Objects/12654728","tabula-muris-senis-facs-processed-official-annotations-Brain_Non-Myeloid.h5ad","FigShare",2020-07-15 20:17:00,"Rds",2021-05-19 13:43:13,"dgCMatrix","Aaron Lun <infinite.monkeys.with.keyboards@gmail.com>"
"Tabula-Muris-Senis-facs-Brain_Non-Myeloid-rowdata","FACS sorting - Smart-seq2 technology single-cell RNA-seq data from Tabula Muris Senis project 2020","scRNAseq/Tabula-Muris-Senis-facs/2.0.0","3.12","GRCm38","Mus musculus","10090","HDF5","https://figshare.com/articles/dataset/Tabula_Muris_Senis_Data_Objects/12654728","tabula-muris-senis-facs-processed-official-annotations-Brain_Non-Myeloid.h5ad","FigShare",2020-07-15 20:17:00,"Rds",2021-05-19 13:43:13,"dgCMatrix","Aaron Lun <infinite.monkeys.with.keyboards@gmail.com>"
"Tabula-Muris-Senis-facs-Diaphragm-counts","FACS sorting - Smart-seq2 technology single-cell RNA-seq data from Tabula Muris Senis project 2020","scRNAseq/Tabula-Muris-Senis-facs/2.0.0","3.12","GRCm38","Mus musculus","10090","HDF5","https://figshare.com/articles/dataset/Tabula_Muris_Senis_Data_Objects/12654728","tabula-muris-senis-facs-processed-official-annotations-Diaphragm.h5ad","FigShare",2020-07-15 20:17:00,"Rds",2021-05-19 13:43:13,"dgCMatrix","Aaron Lun <infinite.monkeys.with.keyboards@gmail.com>"
"Tabula-Muris-Senis-facs-Diaphragm-coldata","FACS sorting - Smart-seq2 technology single-cell RNA-seq data from Tabula Muris Senis project 2020","scRNAseq/Tabula-Muris-Senis-facs/2.0.0","3.12","GRCm38","Mus musculus","10090","HDF5","https://figshare.com/articles/dataset/Tabula_Muris_Senis_Data_Objects/12654728","tabula-muris-senis-facs-processed-official-annotations-Diaphragm.h5ad","FigShare",2020-07-15 20:17:00,"Rds",2021-05-19 13:43:13,"dgCMatrix","Aaron Lun <infinite.monkeys.with.keyboards@gmail.com>"
"Tabula-Muris-Senis-facs-Diaphragm-rowdata","FACS sorting - Smart-seq2 technology single-cell RNA-seq data from Tabula Muris Senis project 2020","scRNAseq/Tabula-Muris-Senis-facs/2.0.0","3.12","GRCm38","Mus musculus","10090","HDF5","https://figshare.com/articles/dataset/Tabula_Muris_Senis_Data_Objects/12654728","tabula-muris-senis-facs-processed-official-annotations-Diaphragm.h5ad","FigShare",2020-07-15 20:17:00,"Rds",2021-05-19 13:43:13,"dgCMatrix","Aaron Lun <infinite.monkeys.with.keyboards@gmail.com>"
"Tabula-Muris-Senis-facs-GAT-counts","FACS sorting - Smart-seq2 technology single-cell RNA-seq data from Tabula Muris Senis project 2020","scRNAseq/Tabula-Muris-Senis-facs/2.0.0","3.12","GRCm38","Mus musculus","10090","HDF5","https://figshare.com/articles/dataset/Tabula_Muris_Senis_Data_Objects/12654728","tabula-muris-senis-facs-processed-official-annotations-GAT.h5ad","FigShare",2020-07-15 20:17:00,"Rds",2021-05-19 13:43:13,"dgCMatrix","Aaron Lun <infinite.monkeys.with.keyboards@gmail.com>"
"Tabula-Muris-Senis-facs-GAT-coldata","FACS sorting - Smart-seq2 technology single-cell RNA-seq data from Tabula Muris Senis project 2020","scRNAseq/Tabula-Muris-Senis-facs/2.0.0","3.12","GRCm38","Mus musculus","10090","HDF5","https://figshare.com/articles/dataset/Tabula_Muris_Senis_Data_Objects/12654728","tabula-muris-senis-facs-processed-official-annotations-GAT.h5ad","FigShare",2020-07-15 20:17:00,"Rds",2021-05-19 13:43:13,"dgCMatrix","Aaron Lun <infinite.monkeys.with.keyboards@gmail.com>"
"Tabula-Muris-Senis-facs-GAT-rowdata","FACS sorting - Smart-seq2 technology single-cell RNA-seq data from Tabula Muris Senis project 2020","scRNAseq/Tabula-Muris-Senis-facs/2.0.0","3.12","GRCm38","Mus musculus","10090","HDF5","https://figshare.com/articles/dataset/Tabula_Muris_Senis_Data_Objects/12654728","tabula-muris-senis-facs-processed-official-annotations-GAT.h5ad","FigShare",2020-07-15 20:17:00,"Rds",2021-05-19 13:43:13,"dgCMatrix","Aaron Lun <infinite.monkeys.with.keyboards@gmail.com>"
"Tabula-Muris-Senis-facs-Heart-counts","FACS sorting - Smart-seq2 technology single-cell RNA-seq data from Tabula Muris Senis project 2020","scRNAseq/Tabula-Muris-Senis-facs/2.0.0","3.12","GRCm38","Mus musculus","10090","HDF5","https://figshare.com/articles/dataset/Tabula_Muris_Senis_Data_Objects/12654728","tabula-muris-senis-facs-processed-official-annotations-Heart.h5ad","FigShare",2020-07-15 20:17:00,"Rds",2021-05-19 13:43:13,"dgCMatrix","Aaron Lun <infinite.monkeys.with.keyboards@gmail.com>"
"Tabula-Muris-Senis-facs-Heart-coldata","FACS sorting - Smart-seq2 technology single-cell RNA-seq data from Tabula Muris Senis project 2020","scRNAseq/Tabula-Muris-Senis-facs/2.0.0","3.12","GRCm38","Mus musculus","10090","HDF5","https://figshare.com/articles/dataset/Tabula_Muris_Senis_Data_Objects/12654728","tabula-muris-senis-facs-processed-official-annotations-Heart.h5ad","FigShare",2020-07-15 20:17:00,"Rds",2021-05-19 13:43:13,"dgCMatrix","Aaron Lun <infinite.monkeys.with.keyboards@gmail.com>"
"Tabula-Muris-Senis-facs-Heart-rowdata","FACS sorting - Smart-seq2 technology single-cell RNA-seq data from Tabula Muris Senis project 2020","scRNAseq/Tabula-Muris-Senis-facs/2.0.0","3.12","GRCm38","Mus musculus","10090","HDF5","https://figshare.com/articles/dataset/Tabula_Muris_Senis_Data_Objects/12654728","tabula-muris-senis-facs-processed-official-annotations-Heart.h5ad","FigShare",2020-07-15 20:17:00,"Rds",2021-05-19 13:43:13,"dgCMatrix","Aaron Lun <infinite.monkeys.with.keyboards@gmail.com>"
"Tabula-Muris-Senis-facs-Kidney-counts","FACS sorting - Smart-seq2 technology single-cell RNA-seq data from Tabula Muris Senis project 2020","scRNAseq/Tabula-Muris-Senis-facs/2.0.0","3.12","GRCm38","Mus musculus","10090","HDF5","https://figshare.com/articles/dataset/Tabula_Muris_Senis_Data_Objects/12654728","tabula-muris-senis-facs-processed-official-annotations-Kidney.h5ad","FigShare",2020-07-15 20:17:00,"Rds",2021-05-19 13:43:13,"dgCMatrix","Aaron Lun <infinite.monkeys.with.keyboards@gmail.com>"
"Tabula-Muris-Senis-facs-Kidney-coldata","FACS sorting - Smart-seq2 technology single-cell RNA-seq data from Tabula Muris Senis project 2020","scRNAseq/Tabula-Muris-Senis-facs/2.0.0","3.12","GRCm38","Mus musculus","10090","HDF5","https://figshare.com/articles/dataset/Tabula_Muris_Senis_Data_Objects/12654728","tabula-muris-senis-facs-processed-official-annotations-Kidney.h5ad","FigShare",2020-07-15 20:17:00,"Rds",2021-05-19 13:43:13,"dgCMatrix","Aaron Lun <infinite.monkeys.with.keyboards@gmail.com>"
"Tabula-Muris-Senis-facs-Kidney-rowdata","FACS sorting - Smart-seq2 technology single-cell RNA-seq data from Tabula Muris Senis project 2020","scRNAseq/Tabula-Muris-Senis-facs/2.0.0","3.12","GRCm38","Mus musculus","10090","HDF5","https://figshare.com/articles/dataset/Tabula_Muris_Senis_Data_Objects/12654728","tabula-muris-senis-facs-processed-official-annotations-Kidney.h5ad","FigShare",2020-07-15 20:17:00,"Rds",2021-05-19 13:43:13,"dgCMatrix","Aaron Lun <infinite.monkeys.with.keyboards@gmail.com>"
"Tabula-Muris-Senis-facs-Large_Intestine-counts","FACS sorting - Smart-seq2 technology single-cell RNA-seq data from Tabula Muris Senis project 2020","scRNAseq/Tabula-Muris-Senis-facs/2.0.0","3.12","GRCm38","Mus musculus","10090","HDF5","https://figshare.com/articles/dataset/Tabula_Muris_Senis_Data_Objects/12654728","tabula-muris-senis-facs-processed-official-annotations-Large_Intestine.h5ad","FigShare",2020-07-15 20:17:00,"Rds",2021-05-19 13:43:13,"dgCMatrix","Aaron Lun <infinite.monkeys.with.keyboards@gmail.com>"
"Tabula-Muris-Senis-facs-Large_Intestine-coldata","FACS sorting - Smart-seq2 technology single-cell RNA-seq data from Tabula Muris Senis project 2020","scRNAseq/Tabula-Muris-Senis-facs/2.0.0","3.12","GRCm38","Mus musculus","10090","HDF5","https://figshare.com/articles/dataset/Tabula_Muris_Senis_Data_Objects/12654728","tabula-muris-senis-facs-processed-official-annotations-Large_Intestine.h5ad","FigShare",2020-07-15 20:17:00,"Rds",2021-05-19 13:43:13,"dgCMatrix","Aaron Lun <infinite.monkeys.with.keyboards@gmail.com>"
"Tabula-Muris-Senis-facs-Large_Intestine-rowdata","FACS sorting - Smart-seq2 technology single-cell RNA-seq data from Tabula Muris Senis project 2020","scRNAseq/Tabula-Muris-Senis-facs/2.0.0","3.12","GRCm38","Mus musculus","10090","HDF5","https://figshare.com/articles/dataset/Tabula_Muris_Senis_Data_Objects/12654728","tabula-muris-senis-facs-processed-official-annotations-Large_Intestine.h5ad","FigShare",2020-07-15 20:17:00,"Rds",2021-05-19 13:43:13,"dgCMatrix","Aaron Lun <infinite.monkeys.with.keyboards@gmail.com>"
"Tabula-Muris-Senis-facs-Limb_Muscle-counts","FACS sorting - Smart-seq2 technology single-cell RNA-seq data from Tabula Muris Senis project 2020","scRNAseq/Tabula-Muris-Senis-facs/2.0.0","3.12","GRCm38","Mus musculus","10090","HDF5","https://figshare.com/articles/dataset/Tabula_Muris_Senis_Data_Objects/12654728","tabula-muris-senis-facs-processed-official-annotations-Limb_Muscle.h5ad","FigShare",2020-07-15 20:17:00,"Rds",2021-05-19 13:43:13,"dgCMatrix","Aaron Lun <infinite.monkeys.with.keyboards@gmail.com>"
"Tabula-Muris-Senis-facs-Limb_Muscle-coldata","FACS sorting - Smart-seq2 technology single-cell RNA-seq data from Tabula Muris Senis project 2020","scRNAseq/Tabula-Muris-Senis-facs/2.0.0","3.12","GRCm38","Mus musculus","10090","HDF5","https://figshare.com/articles/dataset/Tabula_Muris_Senis_Data_Objects/12654728","tabula-muris-senis-facs-processed-official-annotations-Limb_Muscle.h5ad","FigShare",2020-07-15 20:17:00,"Rds",2021-05-19 13:43:13,"dgCMatrix","Aaron Lun <infinite.monkeys.with.keyboards@gmail.com>"
"Tabula-Muris-Senis-facs-Limb_Muscle-rowdata","FACS sorting - Smart-seq2 technology single-cell RNA-seq data from Tabula Muris Senis project 2020","scRNAseq/Tabula-Muris-Senis-facs/2.0.0","3.12","GRCm38","Mus musculus","10090","HDF5","https://figshare.com/articles/dataset/Tabula_Muris_Senis_Data_Objects/12654728","tabula-muris-senis-facs-processed-official-annotations-Limb_Muscle.h5ad","FigShare",2020-07-15 20:17:00,"Rds",2021-05-19 13:43:13,"dgCMatrix","Aaron Lun <infinite.monkeys.with.keyboards@gmail.com>"
"Tabula-Muris-Senis-facs-Liver-counts","FACS sorting - Smart-seq2 technology single-cell RNA-seq data from Tabula Muris Senis project 2020","scRNAseq/Tabula-Muris-Senis-facs/2.0.0","3.12","GRCm38","Mus musculus","10090","HDF5","https://figshare.com/articles/dataset/Tabula_Muris_Senis_Data_Objects/12654728","tabula-muris-senis-facs-processed-official-annotations-Liver.h5ad","FigShare",2020-07-15 20:17:00,"Rds",2021-05-19 13:43:13,"dgCMatrix","Aaron Lun <infinite.monkeys.with.keyboards@gmail.com>"
"Tabula-Muris-Senis-facs-Liver-coldata","FACS sorting - Smart-seq2 technology single-cell RNA-seq data from Tabula Muris Senis project 2020","scRNAseq/Tabula-Muris-Senis-facs/2.0.0","3.12","GRCm38","Mus musculus","10090","HDF5","https://figshare.com/articles/dataset/Tabula_Muris_Senis_Data_Objects/12654728","tabula-muris-senis-facs-processed-official-annotations-Liver.h5ad","FigShare",2020-07-15 20:17:00,"Rds",2021-05-19 13:43:13,"dgCMatrix","Aaron Lun <infinite.monkeys.with.keyboards@gmail.com>"
"Tabula-Muris-Senis-facs-Liver-rowdata","FACS sorting - Smart-seq2 technology single-cell RNA-seq data from Tabula Muris Senis project 2020","scRNAseq/Tabula-Muris-Senis-facs/2.0.0","3.12","GRCm38","Mus musculus","10090","HDF5","https://figshare.com/articles/dataset/Tabula_Muris_Senis_Data_Objects/12654728","tabula-muris-senis-facs-processed-official-annotations-Liver.h5ad","FigShare",2020-07-15 20:17:00,"Rds",2021-05-19 13:43:13,"dgCMatrix","Aaron Lun <infinite.monkeys.with.keyboards@gmail.com>"
"Tabula-Muris-Senis-facs-Lung-counts","FACS sorting - Smart-seq2 technology single-cell RNA-seq data from Tabula Muris Senis project 2020","scRNAseq/Tabula-Muris-Senis-facs/2.0.0","3.12","GRCm38","Mus musculus","10090","HDF5","https://figshare.com/articles/dataset/Tabula_Muris_Senis_Data_Objects/12654728","tabula-muris-senis-facs-processed-official-annotations-Lung.h5ad","FigShare",2020-07-15 20:17:00,"Rds",2021-05-19 13:43:13,"dgCMatrix","Aaron Lun <infinite.monkeys.with.keyboards@gmail.com>"
"Tabula-Muris-Senis-facs-Lung-coldata","FACS sorting - Smart-seq2 technology single-cell RNA-seq data from Tabula Muris Senis project 2020","scRNAseq/Tabula-Muris-Senis-facs/2.0.0","3.12","GRCm38","Mus musculus","10090","HDF5","https://figshare.com/articles/dataset/Tabula_Muris_Senis_Data_Objects/12654728","tabula-muris-senis-facs-processed-official-annotations-Lung.h5ad","FigShare",2020-07-15 20:17:00,"Rds",2021-05-19 13:43:13,"dgCMatrix","Aaron Lun <infinite.monkeys.with.keyboards@gmail.com>"
"Tabula-Muris-Senis-facs-Lung-rowdata","FACS sorting - Smart-seq2 technology single-cell RNA-seq data from Tabula Muris Senis project 2020","scRNAseq/Tabula-Muris-Senis-facs/2.0.0","3.12","GRCm38","Mus musculus","10090","HDF5","https://figshare.com/articles/dataset/Tabula_Muris_Senis_Data_Objects/12654728","tabula-muris-senis-facs-processed-official-annotations-Lung.h5ad","FigShare",2020-07-15 20:17:00,"Rds",2021-05-19 13:43:13,"dgCMatrix","Aaron Lun <infinite.monkeys.with.keyboards@gmail.com>"
"Tabula-Muris-Senis-facs-Mammary_Gland-counts","FACS sorting - Smart-seq2 technology single-cell RNA-seq data from Tabula Muris Senis project 2020","scRNAseq/Tabula-Muris-Senis-facs/2.0.0","3.12","GRCm38","Mus musculus","10090","HDF5","https://figshare.com/articles/dataset/Tabula_Muris_Senis_Data_Objects/12654728","tabula-muris-senis-facs-processed-official-annotations-Mammary_Gland.h5ad","FigShare",2020-07-15 20:17:00,"Rds",2021-05-19 13:43:13,"dgCMatrix","Aaron Lun <infinite.monkeys.with.keyboards@gmail.com>"
"Tabula-Muris-Senis-facs-Mammary_Gland-coldata","FACS sorting - Smart-seq2 technology single-cell RNA-seq data from Tabula Muris Senis project 2020","scRNAseq/Tabula-Muris-Senis-facs/2.0.0","3.12","GRCm38","Mus musculus","10090","HDF5","https://figshare.com/articles/dataset/Tabula_Muris_Senis_Data_Objects/12654728","tabula-muris-senis-facs-processed-official-annotations-Mammary_Gland.h5ad","FigShare",2020-07-15 20:17:00,"Rds",2021-05-19 13:43:13,"dgCMatrix","Aaron Lun <infinite.monkeys.with.keyboards@gmail.com>"
"Tabula-Muris-Senis-facs-Mammary_Gland-rowdata","FACS sorting - Smart-seq2 technology single-cell RNA-seq data from Tabula Muris Senis project 2020","scRNAseq/Tabula-Muris-Senis-facs/2.0.0","3.12","GRCm38","Mus musculus","10090","HDF5","https://figshare.com/articles/dataset/Tabula_Muris_Senis_Data_Objects/12654728","tabula-muris-senis-facs-processed-official-annotations-Mammary_Gland.h5ad","FigShare",2020-07-15 20:17:00,"Rds",2021-05-19 13:43:13,"dgCMatrix","Aaron Lun <infinite.monkeys.with.keyboards@gmail.com>"
"Tabula-Muris-Senis-facs-Marrow-counts","FACS sorting - Smart-seq2 technology single-cell RNA-seq data from Tabula Muris Senis project 2020","scRNAseq/Tabula-Muris-Senis-facs/2.0.0","3.12","GRCm38","Mus musculus","10090","HDF5","https://figshare.com/articles/dataset/Tabula_Muris_Senis_Data_Objects/12654728","tabula-muris-senis-facs-processed-official-annotations-Marrow.h5ad","FigShare",2020-07-15 20:17:00,"Rds",2021-05-19 13:43:13,"dgCMatrix","Aaron Lun <infinite.monkeys.with.keyboards@gmail.com>"
"Tabula-Muris-Senis-facs-Marrow-coldata","FACS sorting - Smart-seq2 technology single-cell RNA-seq data from Tabula Muris Senis project 2020","scRNAseq/Tabula-Muris-Senis-facs/2.0.0","3.12","GRCm38","Mus musculus","10090","HDF5","https://figshare.com/articles/dataset/Tabula_Muris_Senis_Data_Objects/12654728","tabula-muris-senis-facs-processed-official-annotations-Marrow.h5ad","FigShare",2020-07-15 20:17:00,"Rds",2021-05-19 13:43:13,"dgCMatrix","Aaron Lun <infinite.monkeys.with.keyboards@gmail.com>"
"Tabula-Muris-Senis-facs-Marrow-rowdata","FACS sorting - Smart-seq2 technology single-cell RNA-seq data from Tabula Muris Senis project 2020","scRNAseq/Tabula-Muris-Senis-facs/2.0.0","3.12","GRCm38","Mus musculus","10090","HDF5","https://figshare.com/articles/dataset/Tabula_Muris_Senis_Data_Objects/12654728","tabula-muris-senis-facs-processed-official-annotations-Marrow.h5ad","FigShare",2020-07-15 20:17:00,"Rds",2021-05-19 13:43:13,"dgCMatrix","Aaron Lun <infinite.monkeys.with.keyboards@gmail.com>"
"Tabula-Muris-Senis-facs-MAT-counts","FACS sorting - Smart-seq2 technology single-cell RNA-seq data from Tabula Muris Senis project 2020","scRNAseq/Tabula-Muris-Senis-facs/2.0.0","3.12","GRCm38","Mus musculus","10090","HDF5","https://figshare.com/articles/dataset/Tabula_Muris_Senis_Data_Objects/12654728","tabula-muris-senis-facs-processed-official-annotations-MAT.h5ad","FigShare",2020-07-15 20:17:00,"Rds",2021-05-19 13:43:13,"dgCMatrix","Aaron Lun <infinite.monkeys.with.keyboards@gmail.com>"
"Tabula-Muris-Senis-facs-MAT-coldata","FACS sorting - Smart-seq2 technology single-cell RNA-seq data from Tabula Muris Senis project 2020","scRNAseq/Tabula-Muris-Senis-facs/2.0.0","3.12","GRCm38","Mus musculus","10090","HDF5","https://figshare.com/articles/dataset/Tabula_Muris_Senis_Data_Objects/12654728","tabula-muris-senis-facs-processed-official-annotations-MAT.h5ad","FigShare",2020-07-15 20:17:00,"Rds",2021-05-19 13:43:13,"dgCMatrix","Aaron Lun <infinite.monkeys.with.keyboards@gmail.com>"
"Tabula-Muris-Senis-facs-MAT-rowdata","FACS sorting - Smart-seq2 technology single-cell RNA-seq data from Tabula Muris Senis project 2020","scRNAseq/Tabula-Muris-Senis-facs/2.0.0","3.12","GRCm38","Mus musculus","10090","HDF5","https://figshare.com/articles/dataset/Tabula_Muris_Senis_Data_Objects/12654728","tabula-muris-senis-facs-processed-official-annotations-MAT.h5ad","FigShare",2020-07-15 20:17:00,"Rds",2021-05-19 13:43:13,"dgCMatrix","Aaron Lun <infinite.monkeys.with.keyboards@gmail.com>"
"Tabula-Muris-Senis-facs-Pancreas-counts","FACS sorting - Smart-seq2 technology single-cell RNA-seq data from Tabula Muris Senis project 2020","scRNAseq/Tabula-Muris-Senis-facs/2.0.0","3.12","GRCm38","Mus musculus","10090","HDF5","https://figshare.com/articles/dataset/Tabula_Muris_Senis_Data_Objects/12654728","tabula-muris-senis-facs-processed-official-annotations-Pancreas.h5ad","FigShare",2020-07-15 20:17:00,"Rds",2021-05-19 13:43:13,"dgCMatrix","Aaron Lun <infinite.monkeys.with.keyboards@gmail.com>"
"Tabula-Muris-Senis-facs-Pancreas-coldata","FACS sorting - Smart-seq2 technology single-cell RNA-seq data from Tabula Muris Senis project 2020","scRNAseq/Tabula-Muris-Senis-facs/2.0.0","3.12","GRCm38","Mus musculus","10090","HDF5","https://figshare.com/articles/dataset/Tabula_Muris_Senis_Data_Objects/12654728","tabula-muris-senis-facs-processed-official-annotations-Pancreas.h5ad","FigShare",2020-07-15 20:17:00,"Rds",2021-05-19 13:43:13,"dgCMatrix","Aaron Lun <infinite.monkeys.with.keyboards@gmail.com>"
"Tabula-Muris-Senis-facs-Pancreas-rowdata","FACS sorting - Smart-seq2 technology single-cell RNA-seq data from Tabula Muris Senis project 2020","scRNAseq/Tabula-Muris-Senis-facs/2.0.0","3.12","GRCm38","Mus musculus","10090","HDF5","https://figshare.com/articles/dataset/Tabula_Muris_Senis_Data_Objects/12654728","tabula-muris-senis-facs-processed-official-annotations-Pancreas.h5ad","FigShare",2020-07-15 20:17:00,"Rds",2021-05-19 13:43:13,"dgCMatrix","Aaron Lun <infinite.monkeys.with.keyboards@gmail.com>"
"Tabula-Muris-Senis-facs-SCAT-counts","FACS sorting - Smart-seq2 technology single-cell RNA-seq data from Tabula Muris Senis project 2020","scRNAseq/Tabula-Muris-Senis-facs/2.0.0","3.12","GRCm38","Mus musculus","10090","HDF5","https://figshare.com/articles/dataset/Tabula_Muris_Senis_Data_Objects/12654728","tabula-muris-senis-facs-processed-official-annotations-SCAT.h5ad","FigShare",2020-07-15 20:17:00,"Rds",2021-05-19 13:43:13,"dgCMatrix","Aaron Lun <infinite.monkeys.with.keyboards@gmail.com>"
"Tabula-Muris-Senis-facs-SCAT-coldata","FACS sorting - Smart-seq2 technology single-cell RNA-seq data from Tabula Muris Senis project 2020","scRNAseq/Tabula-Muris-Senis-facs/2.0.0","3.12","GRCm38","Mus musculus","10090","HDF5","https://figshare.com/articles/dataset/Tabula_Muris_Senis_Data_Objects/12654728","tabula-muris-senis-facs-processed-official-annotations-SCAT.h5ad","FigShare",2020-07-15 20:17:00,"Rds",2021-05-19 13:43:13,"dgCMatrix","Aaron Lun <infinite.monkeys.with.keyboards@gmail.com>"
"Tabula-Muris-Senis-facs-SCAT-rowdata","FACS sorting - Smart-seq2 technology single-cell RNA-seq data from Tabula Muris Senis project 2020","scRNAseq/Tabula-Muris-Senis-facs/2.0.0","3.12","GRCm38","Mus musculus","10090","HDF5","https://figshare.com/articles/dataset/Tabula_Muris_Senis_Data_Objects/12654728","tabula-muris-senis-facs-processed-official-annotations-SCAT.h5ad","FigShare",2020-07-15 20:17:00,"Rds",2021-05-19 13:43:13,"dgCMatrix","Aaron Lun <infinite.monkeys.with.keyboards@gmail.com>"
"Tabula-Muris-Senis-facs-Skin-counts","FACS sorting - Smart-seq2 technology single-cell RNA-seq data from Tabula Muris Senis project 2020","scRNAseq/Tabula-Muris-Senis-facs/2.0.0","3.12","GRCm38","Mus musculus","10090","HDF5","https://figshare.com/articles/dataset/Tabula_Muris_Senis_Data_Objects/12654728","tabula-muris-senis-facs-processed-official-annotations-Skin.h5ad","FigShare",2020-07-15 20:17:00,"Rds",2021-05-19 13:43:13,"dgCMatrix","Aaron Lun <infinite.monkeys.with.keyboards@gmail.com>"
"Tabula-Muris-Senis-facs-Skin-coldata","FACS sorting - Smart-seq2 technology single-cell RNA-seq data from Tabula Muris Senis project 2020","scRNAseq/Tabula-Muris-Senis-facs/2.0.0","3.12","GRCm38","Mus musculus","10090","HDF5","https://figshare.com/articles/dataset/Tabula_Muris_Senis_Data_Objects/12654728","tabula-muris-senis-facs-processed-official-annotations-Skin.h5ad","FigShare",2020-07-15 20:17:00,"Rds",2021-05-19 13:43:13,"dgCMatrix","Aaron Lun <infinite.monkeys.with.keyboards@gmail.com>"
"Tabula-Muris-Senis-facs-Skin-rowdata","FACS sorting - Smart-seq2 technology single-cell RNA-seq data from Tabula Muris Senis project 2020","scRNAseq/Tabula-Muris-Senis-facs/2.0.0","3.12","GRCm38","Mus musculus","10090","HDF5","https://figshare.com/articles/dataset/Tabula_Muris_Senis_Data_Objects/12654728","tabula-muris-senis-facs-processed-official-annotations-Skin.h5ad","FigShare",2020-07-15 20:17:00,"Rds",2021-05-19 13:43:13,"dgCMatrix","Aaron Lun <infinite.monkeys.with.keyboards@gmail.com>"
"Tabula-Muris-Senis-facs-Spleen-counts","FACS sorting - Smart-seq2 technology single-cell RNA-seq data from Tabula Muris Senis project 2020","scRNAseq/Tabula-Muris-Senis-facs/2.0.0","3.12","GRCm38","Mus musculus","10090","HDF5","https://figshare.com/articles/dataset/Tabula_Muris_Senis_Data_Objects/12654728","tabula-muris-senis-facs-processed-official-annotations-Spleen.h5ad","FigShare",2020-07-15 20:17:00,"Rds",2021-05-19 13:43:13,"dgCMatrix","Aaron Lun <infinite.monkeys.with.keyboards@gmail.com>"
"Tabula-Muris-Senis-facs-Spleen-coldata","FACS sorting - Smart-seq2 technology single-cell RNA-seq data from Tabula Muris Senis project 2020","scRNAseq/Tabula-Muris-Senis-facs/2.0.0","3.12","GRCm38","Mus musculus","10090","HDF5","https://figshare.com/articles/dataset/Tabula_Muris_Senis_Data_Objects/12654728","tabula-muris-senis-facs-processed-official-annotations-Spleen.h5ad","FigShare",2020-07-15 20:17:00,"Rds",2021-05-19 13:43:13,"dgCMatrix","Aaron Lun <infinite.monkeys.with.keyboards@gmail.com>"
"Tabula-Muris-Senis-facs-Spleen-rowdata","FACS sorting - Smart-seq2 technology single-cell RNA-seq data from Tabula Muris Senis project 2020","scRNAseq/Tabula-Muris-Senis-facs/2.0.0","3.12","GRCm38","Mus musculus","10090","HDF5","https://figshare.com/articles/dataset/Tabula_Muris_Senis_Data_Objects/12654728","tabula-muris-senis-facs-processed-official-annotations-Spleen.h5ad","FigShare",2020-07-15 20:17:00,"Rds",2021-05-19 13:43:13,"dgCMatrix","Aaron Lun <infinite.monkeys.with.keyboards@gmail.com>"
"Tabula-Muris-Senis-facs-Tongue-counts","FACS sorting - Smart-seq2 technology single-cell RNA-seq data from Tabula Muris Senis project 2020","scRNAseq/Tabula-Muris-Senis-facs/2.0.0","3.12","GRCm38","Mus musculus","10090","HDF5","https://figshare.com/articles/dataset/Tabula_Muris_Senis_Data_Objects/12654728","tabula-muris-senis-facs-processed-official-annotations-Tongue.h5ad","FigShare",2020-07-15 20:17:00,"Rds",2021-05-19 13:43:13,"dgCMatrix","Aaron Lun <infinite.monkeys.with.keyboards@gmail.com>"
"Tabula-Muris-Senis-facs-Tongue-coldata","FACS sorting - Smart-seq2 technology single-cell RNA-seq data from Tabula Muris Senis project 2020","scRNAseq/Tabula-Muris-Senis-facs/2.0.0","3.12","GRCm38","Mus musculus","10090","HDF5","https://figshare.com/articles/dataset/Tabula_Muris_Senis_Data_Objects/12654728","tabula-muris-senis-facs-processed-official-annotations-Tongue.h5ad","FigShare",2020-07-15 20:17:00,"Rds",2021-05-19 13:43:13,"dgCMatrix","Aaron Lun <infinite.monkeys.with.keyboards@gmail.com>"
"Tabula-Muris-Senis-facs-Tongue-rowdata","FACS sorting - Smart-seq2 technology single-cell RNA-seq data from Tabula Muris Senis project 2020","scRNAseq/Tabula-Muris-Senis-facs/2.0.0","3.12","GRCm38","Mus musculus","10090","HDF5","https://figshare.com/articles/dataset/Tabula_Muris_Senis_Data_Objects/12654728","tabula-muris-senis-facs-processed-official-annotations-Tongue.h5ad","FigShare",2020-07-15 20:17:00,"Rds",2021-05-19 13:43:13,"dgCMatrix","Aaron Lun <infinite.monkeys.with.keyboards@gmail.com>"
"Tabula-Muris-Senis-facs-Trachea-counts","FACS sorting - Smart-seq2 technology single-cell RNA-seq data from Tabula Muris Senis project 2020","scRNAseq/Tabula-Muris-Senis-facs/2.0.0","3.12","GRCm38","Mus musculus","10090","HDF5","https://figshare.com/articles/dataset/Tabula_Muris_Senis_Data_Objects/12654728","tabula-muris-senis-facs-processed-official-annotations-Trachea.h5ad","FigShare",2020-07-15 20:17:00,"Rds",2021-05-19 13:43:13,"dgCMatrix","Aaron Lun <infinite.monkeys.with.keyboards@gmail.com>"
"Tabula-Muris-Senis-facs-Trachea-coldata","FACS sorting - Smart-seq2 technology single-cell RNA-seq data from Tabula Muris Senis project 2020","scRNAseq/Tabula-Muris-Senis-facs/2.0.0","3.12","GRCm38","Mus musculus","10090","HDF5","https://figshare.com/articles/dataset/Tabula_Muris_Senis_Data_Objects/12654728","tabula-muris-senis-facs-processed-official-annotations-Trachea.h5ad","FigShare",2020-07-15 20:17:00,"Rds",2021-05-19 13:43:13,"dgCMatrix","Aaron Lun <infinite.monkeys.with.keyboards@gmail.com>"
"Tabula-Muris-Senis-facs-Trachea-rowdata","FACS sorting - Smart-seq2 technology single-cell RNA-seq data from Tabula Muris Senis project 2020","scRNAseq/Tabula-Muris-Senis-facs/2.0.0","3.12","GRCm38","Mus musculus","10090","HDF5","https://figshare.com/articles/dataset/Tabula_Muris_Senis_Data_Objects/12654728","tabula-muris-senis-facs-processed-official-annotations-Trachea.h5ad","FigShare",2020-07-15 20:17:00,"Rds",2021-05-19 13:43:13,"dgCMatrix","Aaron Lun <infinite.monkeys.with.keyboards@gmail.com>"
